season,hfa
2001,2.0080645161290365
2002,2.246093749999999
2003,3.5932075924119546
2004,2.5078125000000044
2005,3.6218453624819187
2006,0.8476562500000142
2007,2.845958195795603
2008,2.5980017486751517
2009,2.2605113338355793
2010,1.9482657879864722
2011,3.2554322504707205
2012,2.5447817465858704
2013,3.1535098871706513
2014,2.4558783128022483
2015,1.45778070664291
2016,2.546557158853509
2017,2.3759799305779934
2018,2.2926772442554326
2019,-0.06788517903343294
2020,0.0999036668524873
2021,1.5651719962179724
2022,2.145964577558656
2023,2.5905731045248714
2024,1.6609379143875298
2025,2.177446270749582
2026,-0.17635007150460424
