season,team,osrs,dsrs
2001,LA,10.4284472919034,2.9241965963556242
2001,CHI,0.8496757213449687,7.0589201420603835
2001,PHI,0.925602445744132,6.801782502653794
2001,PIT,1.5200801994891249,5.831987096765206
2001,SF,4.176437358719241,2.6665136328419776
2001,GB,4.048066377006407,2.5856952686992125
2001,NE,1.2399107085706347,3.0943212105751825
2001,TB,0.719102598374657,3.3107388541596903
2001,LV,4.002086091678839,-0.37879450068566944
2001,BAL,-0.8241747101990774,4.029685454294472
2001,MIA,-0.34436930141325917,3.0648357377598567
2001,JAX,-1.100765021235278,1.9536904018905243
2001,NYJ,-2.007049466069287,2.834585263057469
2001,LAC,0.28851035785227197,-0.559231826510862
2001,DEN,0.5347038906320539,-1.0014172518255595
2001,CLE,-0.9449779623265665,0.14651236659397027
2001,KC,-0.17108681333160847,-0.9909407333924398
2001,NYG,-1.8258592477566995,0.038950710192374394
2001,SEA,-1.437427693041366,-0.4371871382184507
2001,TEN,2.369489495922923,-4.415573629952507
2001,CIN,-4.485667538155533,0.9704369665938417
2001,WAS,-4.02442194310586,0.37342675186127394
2001,IND,6.052852946445481,-9.827349705954983
2001,ARI,-1.5260756517114464,-2.636361889612924
2001,ATL,-2.701023940038315,-1.9862631034544789
2001,MIN,-0.8005913221589068,-3.9326503644284223
2001,NO,-0.10695201907739726,-4.715308037318995
2001,DAL,-4.489541426032372,-1.495098911709742
2001,DET,-1.9573011675512433,-5.2477789233362255
2001,CAR,-4.553752741769682,-4.394987626556274
2001,BUF,-3.85392751871024,-5.667335313397316
2002,LV,6.3269715527527906,4.308271502802743
2002,TB,-0.9744249673937118,9.776334689615924
2002,PHI,4.467566374597619,3.8312183476246156
2002,KC,8.404650124181337,-2.2933654019591683
2002,MIA,1.664250593156844,4.394603573509821
2002,ATL,3.5435809849872095,1.5145787372349813
2002,DEN,3.0317830606893117,1.858321105977347
2002,NE,2.1419787677599915,1.8842365100177578
2002,GB,2.408328737234993,1.1717059849872329
2002,NYJ,0.9101335296647808,2.2587900814463078
2002,PIT,3.079499406843138,-0.3800202401764814
2002,NO,5.766150429431671,-3.340976818320567
2002,TEN,1.6286336059773596,0.1354288940226691
2002,CLE,-0.44163154553780615,1.675485712204458
2002,IND,0.4322546377234011,0.7366689733877378
2002,NYG,-2.2116498952436254,3.0389068396881056
2002,SF,0.7222897761960376,-0.08704672064047925
2002,JAX,-1.3210687749750143,1.119506274975032
2002,BUF,2.057653370934607,-2.3317853153790815
2002,LAC,-0.9637030504218211,0.24304332819957386
2002,SEA,-0.0367876047563469,-1.214427673021416
2002,BAL,-1.5137049582361994,-0.6041769862082322
2002,MIN,3.0746481816794202,-6.083849570568326
2002,CAR,-6.023680919774667,2.751632308663561
2002,LA,-1.5639205412642703,-1.7713225142912683
2002,WAS,-2.2144772761960247,-2.2384741126928582
2002,CHI,-4.3719291992729445,-0.8935221896159509
2002,DAL,-8.192007038100762,-0.28594435078810343
2002,DET,-2.5164232468920114,-6.656319808663564
2002,HOU,-8.36243782259406,-1.0766246774059043
2002,ARI,-5.398097128565844,-4.491659815878553
2002,CIN,-3.554429164585405,-6.94921666874791
2003,KC,9.260649687118491,-0.8880245553057606
2003,GB,6.2455745522533626,1.9287455479243405
2003,IND,8.134177675241368,-1.2052433204296569
2003,NE,2.0523350711787764,4.823303685897407
2003,TEN,6.966618151431857,-0.543933796620089
2003,BAL,3.2824700162337352,3.0129894967532156
2003,LA,6.038208860167628,-0.15017046883671803
2003,DEN,2.394875877594655,3.136082587551366
2003,PHI,2.884672110805811,1.47260501123874
2003,SEA,3.576452907786617,0.532418816877577
2003,MIA,-0.803447986319358,3.983889676018329
2003,SF,3.0185660030247554,0.09134738830610178
2003,MIN,4.0509316951104894,-1.0984865949328169
2003,TB,-2.914437666083951,4.4916770525308225
2003,NO,0.08075082597960348,-0.3739975506438218
2003,DAL,-3.191518365384621,2.6821288207625584
2003,NYJ,-1.9009387383450569,1.2703274954211858
2003,CAR,-1.5382471898934647,0.5821532430069496
2003,PIT,-2.4671525129036986,1.4330098247586411
2003,BUF,-5.0247482621545645,3.9753870192307152
2003,CIN,1.1288792331280395,-3.487327476828665
2003,JAX,-3.351952790403966,0.8964238329726575
2003,CLE,-5.284513624014817,2.4177320469808725
2003,CHI,-4.172729019175233,0.6793407860196026
2003,LV,-4.176651900183104,-1.237528523559729
2003,WAS,-1.9375997145909847,-3.853387052253373
2003,DET,-4.237758781080002,-1.5545877854090104
2003,HOU,-4.442905658091914,-1.5531599870962824
2003,LAC,-0.5176942395104369,-6.033928005744203
2003,ATL,-2.0015408406871584,-5.44587255064383
2003,NYG,-4.853224714590961,-3.758595385586621
2003,ARI,-6.298100663641897,-6.22531927836051
2004,NE,6.349790660728178,6.492744061494058
2004,IND,11.731218087468113,-0.3178500319125057
2004,LAC,6.138165306915309,2.983536081973579
2004,PIT,3.445161262348746,5.555012348762358
2004,BUF,4.590415660728175,3.4625357281607334
2004,NYJ,0.518590263902778,6.035055569430591
2004,BAL,-0.6287970709845765,6.7518873487623825
2004,DEN,1.5872724497724375,4.271928939116421
2004,PHI,2.046418512043506,3.5075745435120567
2004,KC,9.98007998945498,-4.702823045010551
2004,CIN,4.268474754412265,-1.6023289210788996
2004,JAX,-5.690458499833509,6.442020999833501
2004,GB,4.334911616161617,-4.033696338383844
2004,HOU,-2.412283896658848,1.781207507770029
2004,CAR,-0.788637577700074,0.13846396658897508
2004,MIN,2.975536616161607,-4.663904671717154
2004,ATL,-1.8161673396049043,-0.38608960483959254
2004,MIA,-2.7370644980020273,0.5115436646686422
2004,TB,-4.015770514208009,1.339902458652445
2004,SEA,0.4221884018759119,-3.3147231240981263
2004,WAS,-7.362857281607283,3.9911558927183606
2004,CLE,-1.499680007492481,-1.888340825840791
2004,NYG,-2.2846826784326657,-1.6300742660117569
2004,LV,-0.6003267565767438,-3.673110743423247
2004,TEN,0.2511089604839656,-4.644685349372841
2004,ARI,-5.049537788600285,0.17783639971139586
2004,DET,-3.781903860028893,-1.3856308621933773
2004,NO,-1.2253935300810532,-4.331030081030117
2004,LA,-2.2124842171717427,-3.7738005050505388
2004,DAL,-2.9796231546231837,-4.78930045648797
2004,CHI,-8.487062590187573,0.2514723124097973
2004,SF,-5.066601280663734,-8.55648899711401
2005,IND,5.609744942557446,5.193380057442573
2005,DEN,5.014739947552435,5.778489219114224
2005,LAC,7.05144629675879,2.8910884254634275
2005,SEA,5.758472430347445,3.355242847430356
2005,PIT,3.7946621087246113,4.019921224608723
2005,NYG,5.778046953046957,1.713098880286386
2005,KC,5.146585185647723,1.8612273143523592
2005,WAS,2.592894350925463,3.3969938972125155
2005,CAR,2.9647687737385366,2.1163411596858834
2005,JAX,1.0571655774781112,3.7077649780775146
2005,CIN,6.484245442058014,-2.6654954420579178
2005,DAL,-0.0518302067363392,3.2098586252649706
2005,NE,3.658729985292479,-0.515848040848034
2005,CHI,-5.240673077767874,6.622063144343376
2005,MIA,-1.0689485861361254,0.3003721972471566
2005,TB,-2.845805445400196,1.830320511975815
2005,ATL,1.1072247197247431,-2.3356969419469373
2005,BAL,-3.5277585261960427,1.6930363039737943
2005,PHI,-0.6499788406038907,-1.655403103840667
2005,LV,-1.200041798479293,-1.60221514596515
2005,MIN,-1.431442515817538,-2.092515817515833
2005,GB,-1.5178016428016003,-2.2026844683094438
2005,CLE,-5.9627783674658525,1.7409033674659042
2005,ARI,-1.8919784693669015,-2.8852378141887356
2005,LA,1.2658633033632671,-6.411175803363337
2005,BUF,-4.023908903596404,-1.823486929736943
2005,NYJ,-5.179563665501157,-1.2157488344988194
2005,DET,-4.334860763391019,-2.3538209698512733
2005,TEN,-2.0286479145854255,-5.538018752081238
2005,HOU,-4.367338390775944,-5.658703275890827
2005,NO,-6.227051073926069,-4.860448926073926
2005,SF,-5.7341818286683495,-5.613601887775894
2006,NE,4.303902607808842,5.934639058857825
2006,LAC,9.951824651043397,0.24522396006771863
2006,BAL,1.5109557976745482,7.835745591214368
2006,CHI,4.882140168858941,3.017512608918862
2006,JAX,2.6239419434731945,4.864599723193463
2006,IND,6.935400276806538,-1.0583169434732183
2006,CIN,4.034418099261874,0.04596384518258945
2006,NO,4.931998990592751,-0.8877281572594096
2006,DAL,4.97978557900433,-1.3188480790043322
2006,PIT,2.9872454802142343,0.42959479756353935
2006,PHI,3.1949641504328823,0.19618168290042148
2006,BUF,-0.19495651917526025,2.3859287413974855
2006,NYJ,0.3522657030469505,1.6727342969530392
2006,DEN,-0.7945543172105602,2.1141723727661237
2006,KC,0.39636830183705896,0.5930414203851815
2006,MIA,-3.3408890588577917,4.024222392191138
2006,NYG,1.2024046266233779,-1.1185504599567062
2006,TEN,1.0238427371239913,-2.3054399593462103
2006,CAR,-4.164231168137414,1.4914881125818755
2006,ATL,-2.80698910464537,-0.2122817286879799
2006,SEA,-1.6497283098845457,-1.9197161345598974
2006,LA,0.7902518488456169,-4.741640737734497
2006,WAS,-2.0838056908369396,-1.9642845869408403
2006,MIN,-3.662006656537933,-0.43139612123986226
2006,GB,-2.2741098311411028,-2.143945724414465
2006,HOU,-3.206712818431581,-1.2964121815684397
2006,CLE,-4.512456900738153,-1.32903615481741
2006,DET,-1.7722249105061736,-4.578816756160517
2006,ARI,-2.645363230519475,-4.2858867694805225
2006,TB,-7.179608152264432,-0.7500793477355787
2006,SF,-3.472644976551234,-5.247841134559876
2006,LV,-10.341429317210567,0.739172372766135
2007,NE,15.86784498086099,4.208769681160671
2007,IND,6.61548073742503,5.395937260069011
2007,DAL,7.805565636299614,1.6487224794564346
2007,GB,5.658858867240562,3.3193077933145068
2007,LAC,4.334158583750601,4.451137958542436
2007,JAX,4.808238673933048,2.0247071013389784
2007,PHI,0.12749023947432603,5.104575654059718
2007,PIT,0.921218000336208,4.308601450219632
2007,WAS,0.1834426204266424,4.273623273107294
2007,MIN,1.3821743010855898,2.3856291795404445
2007,NYG,2.7355409615312642,0.350275185640494
2007,SEA,0.8295416049495312,0.9271757416461615
2007,TB,-2.342886664830961,3.559593667336863
2007,CHI,-0.22556573593398177,1.425954618711426
2007,TEN,-2.849449818130485,3.5612150378468175
2007,HOU,2.55023508678854,-2.516034581043606
2007,CLE,2.226325185538885,-3.2642675550538134
2007,CIN,1.591307286050545,-3.952112835494563
2007,NO,1.92338317643883,-4.453898396155222
2007,DET,1.4018152164469635,-4.9764263336695835
2007,NYJ,-3.981212558821558,0.3053966652876299
2007,ARI,1.9124781128860726,-5.852982988512551
2007,DEN,-0.1794326860906157,-3.769298549393965
2007,BUF,-5.579873273107347,1.49468237957329
2007,KC,-7.35299419402716,1.8941935140980455
2007,CAR,-5.719969998164255,-0.08832299932975474
2007,LV,-3.477118812917662,-2.492579914316232
2007,BAL,-4.9723335869653145,-1.7471525180342047
2007,MIA,-4.052854550719873,-4.141989374229628
2007,ATL,-5.763702522130976,-4.854525761391704
2007,SF,-9.91309964917582,-2.0290071791458537
2007,LA,-6.464605220447237,-6.500899655179174
2008,BAL,4.21437550353198,5.578758516352532
2008,PIT,1.5501889955954509,8.23600057984453
2008,TEN,1.490310054485506,7.453994807232762
2008,NYG,5.540667301275413,2.8355104789310994
2008,PHI,4.670875634608714,3.16363547893107
2008,IND,2.6089689307214767,3.875481064421076
2008,CAR,2.778236103372775,2.8717857828599875
2008,LAC,4.8826778854477135,-0.086615841658509
2008,NO,6.924861797091964,-2.7174516186589424
2008,MIN,1.1353791337369028,2.9212365055317857
2008,NE,2.3254297449277637,1.561149754085281
2008,ATL,1.346936500198196,2.483640941590145
2008,GB,4.101202546435338,-1.186600796055511
2008,TB,-0.5813373093255971,2.8671230844472815
2008,CHI,1.0770954035782268,1.0489646801349661
2008,DAL,1.7191891266722439,-1.1489141242435015
2008,NYJ,2.1559403107075044,-1.952833727754023
2008,HOU,2.7572824227849853,-3.154776872086794
2008,MIA,-2.4476298274561197,1.7523758959871092
2008,WAS,-5.838805067024025,4.071365491584042
2008,ARI,4.112889350276397,-5.99886087866133
2008,JAX,-2.0713547741313754,-0.42761049757459646
2008,BUF,-2.708197884462175,-0.5059600181618273
2008,CLE,-5.20949978862247,0.5678296527694662
2008,SF,-2.941186192626226,-2.366180469183008
2008,DEN,0.7061931132006121,-6.510868471048473
2008,CIN,-6.89386670603729,-0.08231107416918504
2008,LV,-6.531762542168484,-0.965341983560436
2008,SEA,-4.859382475120406,-2.776936275486742
2008,KC,-3.92893054781726,-5.314146893971111
2008,DET,-3.9965110941341253,-9.08937396043446
2008,LA,-8.090235649723606,-7.004069211994687
2009,NE,6.648643189066458,4.420883969119773
2009,NO,11.253494557375893,-0.48376557832173583
2009,NYJ,1.1139109537796106,7.448651733832893
2009,BAL,2.562309125945705,4.902487177061266
2009,GB,6.309181015856919,1.0621337922471796
2009,MIN,6.572117220866048,0.5966473782087012
2009,DAL,0.43696328154597175,6.731572318342495
2009,LAC,6.445414701937843,0.19738408671972563
2009,PHI,5.765588688804501,0.24174534464866526
2009,IND,4.4116415858088835,1.5003783698581794
2009,ATL,2.7114310653123788,2.3350340248528756
2009,CAR,-0.6142137759574161,4.533942755011618
2009,HOU,2.647450702359868,-0.7013125135908624
2009,PIT,0.9755633971270387,0.7063664482425891
2009,MIA,2.905280001398703,-1.2354256471194858
2009,CIN,-2.5495358092221343,3.210285099036268
2009,DEN,-1.0233951247990616,1.3379492599828264
2009,NYG,4.622483530074341,-4.519663385510055
2009,SF,-2.9387187936794454,2.9927950050218595
2009,ARI,0.14039826981260783,-0.42139150291464
2009,BUF,-4.537527538283886,2.699743003674151
2009,TEN,0.8435816547408467,-3.6234851326384576
2009,CHI,-1.8800157156418713,-2.0050391297277854
2009,WAS,-5.509808136592319,0.9626282811566038
2009,TB,-4.506783312831567,-0.9932994009101601
2009,JAX,-3.8531941389099558,-2.656570450098768
2009,CLE,-6.021609221920531,-2.365210932709751
2009,KC,-2.480329345681176,-5.945621865661222
2009,SEA,-4.947934760593327,-4.352730485701553
2009,LV,-8.66698609171294,-1.6002845640739012
2009,DET,-5.174063334689503,-9.201616510680186
2009,LA,-11.661337841298481,-5.7752109473591045
2010,NE,12.617594830000138,2.7796333123511525
2010,GB,3.0976839368386946,7.861828646295897
2010,PIT,2.489166252572147,7.733606707950068
2010,NYJ,2.2305228869286484,4.246728035946292
2010,BAL,0.9381062142625084,5.503231193449987
2010,ATL,3.847674924454882,2.2577518267193124
2010,LAC,3.182524427244431,1.6161975249800156
2010,PHI,5.362904692436433,-1.1540445042002463
2010,CHI,-0.552325453170229,4.67833711342984
2010,IND,3.7275373145083064,-0.8812159114324114
2010,NO,1.5550435475731161,0.7835728307899077
2010,NYG,1.6270307765707575,0.36231372279119256
2010,DET,2.4470207239258994,-0.5217214713788001
2010,TEN,-0.9414110981900938,1.9297463901549041
2010,MIA,-2.797782154126831,3.1120241853670123
2010,LV,2.338972839942832,-2.176014776607292
2010,TB,-0.9633776018475979,0.39833620517871227
2010,KC,-1.5326045410095426,0.8288959376784253
2010,CIN,0.4362892684451457,-1.8527524190340676
2010,CLE,-3.430427001396125,1.964311073029438
2010,MIN,-3.235129684232292,1.7641340728439392
2010,HOU,1.818568121539152,-3.697923199639641
2010,DAL,2.5235916248737533,-4.68680995271533
2010,WAS,-3.3591870919049382,-0.46616605044637804
2010,JAX,-1.2177503839043715,-3.327247657464146
2010,BUF,-1.542772233491918,-3.0540968463790126
2010,SF,-4.633201088053445,-1.0821401698050348
2010,LA,-6.260276870371412,-0.40043619021823673
2010,DEN,-1.2091346884068863,-7.826056828766533
2010,SEA,-3.932963892808001,-5.504670831702453
2010,ARI,-5.543443022538022,-7.102501151908624
2010,CAR,-9.088445576665144,-4.086850817257894
2011,NO,10.607668438902948,0.8090321793291848
2011,GB,11.45787643289194,-0.12249371779071683
2011,NE,9.401170216280413,-0.13842300300032195
2011,SF,1.729906129375825,6.594333368803057
2011,BAL,2.6231009986157794,3.4820337325485164
2011,DET,6.8616162152766815,-0.8139920306440567
2011,PIT,-0.7577025728127793,6.051378970643787
2011,PHI,3.0451243956546863,1.6653583283886293
2011,HOU,1.3763520883114435,3.1899239331333202
2011,ATL,1.842519926359467,1.7053420001190334
2011,DAL,0.6980555579453653,0.9365930621078589
2011,NYG,3.0604292625143144,-1.4748427571327059
2011,CHI,-1.5643674199423863,3.016720762708278
2011,MIA,-2.2509131170529404,3.188660330332998
2011,NYJ,1.1795928353280394,-0.28038728871458063
2011,LAC,2.6755671729828343,-1.8316001388719723
2011,SEA,-0.5500091598989493,1.3389716509568494
2011,CIN,0.7081208398856138,-0.2387499976102221
2011,TEN,-2.1382808481964855,1.1663624251967744
2011,CAR,2.578104946839459,-3.854459884162871
2011,ARI,-1.6737915946266704,-0.5385310218660935
2011,BUF,1.1491364861216764,-4.527361495063785
2011,WAS,-4.316753277168214,0.192617560327631
2011,LV,0.1498231253637663,-5.1006477579196385
2011,DEN,-3.65647647781081,-1.6658759325227683
2011,CLE,-7.1502620966222885,1.7689384944533086
2011,JAX,-7.0407610069266715,1.4268286950380402
2011,MIN,-1.5875600750445693,-4.159001654298654
2011,KC,-10.198093541302883,2.072268908747045
2011,TB,-3.9378456447706878,-6.4745771424396565
2011,LA,-8.37597413430918,-2.0710707044057646
2011,IND,-5.945374102164749,-5.313349876390505
2012,NE,12.12891917914112,0.4680053533835341
2012,SEA,4.510418033808864,7.733730398527459
2012,SF,3.5116085099993173,6.709623255670323
2012,DEN,6.319439344851571,3.769618592687051
2012,GB,4.859660458051284,2.4115713076183787
2012,CHI,0.9775176009084202,5.983297498094559
2012,ATL,1.983845662024346,4.459768957478931
2012,NYG,4.051770445574173,2.194969173929162
2012,HOU,1.8095642709474307,1.6454036919430952
2012,WAS,4.606589921021492,-1.1713423030045136
2012,MIN,1.5954693239298896,1.7738682687351175
2012,BAL,1.8926716680839073,1.0019418250103036
2012,CIN,1.2149018578168684,0.8650946337908901
2012,NO,6.5499666937704255,-5.108782629822657
2012,CAR,-0.46074759194387294,1.2748483225583045
2012,LA,-1.9755450359232385,2.491814947843011
2012,DAL,1.4458180646217915,-1.1594951117851324
2012,TB,1.2635163279478654,-1.2449353765975948
2012,PIT,-2.7666953644053525,2.107455744902017
2012,DET,2.1395711723369994,-4.429797740000674
2012,LAC,-1.9986578463678248,-0.35502621757995756
2012,MIA,-5.540823652495738,2.9046613312704994
2012,ARI,-4.8037188709530465,1.6301589699560535
2012,IND,-1.893664561586624,-2.8331227596385844
2012,CLE,-4.559403697738683,-0.737335921764637
2012,NYJ,-5.063690715987769,-0.864485494126299
2012,BUF,-0.9004466683687402,-5.7652295417453665
2012,PHI,-5.284191856013122,-3.5777490800390983
2012,TEN,-2.6283371806342273,-7.360950140590954
2012,LV,-4.628171735256713,-6.208498439802165
2012,JAX,-8.065787577459655,-4.909263632654452
2012,KC,-10.291366179701166,-3.6998178842466083
2013,SEA,4.098840267629147,8.913676473090318
2013,DEN,14.114843560400706,-2.7136716743645146
2013,SF,3.4194069507902776,6.496147918156235
2013,CAR,0.5689518718260692,8.597465025339238
2013,NO,3.7359491158020037,4.986932507410411
2013,ARI,2.683000210017735,3.7210507011932115
2013,KC,1.761885864272315,4.358221819983287
2013,NE,4.511940927062105,1.3707253717840562
2013,CIN,2.323803708543823,3.03570378763137
2013,IND,1.7446835206217735,2.305341612529854
2013,LAC,0.5225816556388297,2.1650485637307244
2013,LA,0.39282163858916574,1.7872709392884674
2013,PHI,2.3330884566197003,-0.45682215360340905
2013,DAL,2.6837829010641387,-3.3509193758256255
2013,TEN,-0.17705931476740533,-0.5911036038117056
2013,MIA,-2.8997654221442386,2.0550011654348452
2013,DET,-1.1479543403376944,-0.47743475575561656
2013,PIT,-1.0236170663282587,-1.095943177716841
2013,TB,-2.9500627889599067,0.23023607883898112
2013,ATL,1.0403122057808702,-4.026412735944047
2013,BUF,-1.1903240341052528,-1.8412122084309108
2013,GB,0.5299885603124849,-3.6417537598673397
2013,BAL,-4.962902640662551,1.438729581282172
2013,CHI,2.980517881884506,-7.093754200200071
2013,NYG,-6.234022789183626,0.859995172021843
2013,NYJ,-4.73895377951551,-1.3541276681268788
2013,MIN,0.3328493710423005,-6.755559615804191
2013,HOU,-4.972578384140114,-2.5971881493749147
2013,CLE,-4.81625716218781,-2.8528689878621387
2013,LV,-3.78011356070273,-4.183777604991758
2013,WAS,-3.8937305474919612,-5.383045919619858
2013,JAX,-6.991906837370891,-3.905951126415195
2014,NE,7.453109760886452,3.4599570802337842
2014,DEN,9.176604271060725,0.4133466953031464
2014,SEA,2.4221446373977664,7.112355468233594
2014,GB,7.891298711947732,0.3600851338591058
2014,KC,-0.010974874479656838,5.668475883096129
2014,DAL,5.209761856271285,0.0189786811131607
2014,BUF,-0.337441677439034,5.369554451432115
2014,BAL,1.8573970643897675,2.7853597267274526
2014,IND,5.225192288658507,-0.7692767839355605
2014,PHI,6.638724526373759,-2.7261657916415767
2014,MIA,2.8467840038224166,-0.45291629587790005
2014,PIT,4.397446887103225,-2.1336678315114694
2014,ARI,-2.4182819499038657,4.396184833312918
2014,DET,-3.2506800507094487,5.134028990249589
2014,LAC,0.6861164036379842,1.187739780261372
2014,HOU,-0.7557243614552066,2.5273363278554193
2014,CIN,-0.5075947712869228,1.2745345577173817
2014,LA,-1.2307323467292988,0.3947463412493646
2014,SF,-3.017964270047489,2.060639417931224
2014,MIN,-2.808006843607798,1.1139045783036536
2014,NYG,0.8062344470086401,-2.505828490054307
2014,NO,1.8637963603364502,-4.756203431538357
2014,CAR,-2.3776044250379322,-0.671711359769902
2014,ATL,0.6247910042859391,-4.324821882826943
2014,CLE,-4.782162215051526,0.9203540187147117
2014,NYJ,-4.080466004453958,-1.130910351773296
2014,CHI,-2.0577766931541004,-4.700597414099819
2014,WAS,-4.045898489499356,-4.689806664657547
2014,LV,-4.248867802185376,-4.597690854133413
2014,TB,-6.465798869482318,-3.3067808042142253
2014,JAX,-7.730485922531429,-2.5791216617921657
2014,TEN,-6.9729406561259335,-4.852082347767638
2015,ARI,8.957623001582759,3.3460733533143503
2015,SEA,5.3724594218443205,5.953618106909262
2015,CIN,4.804935074648923,5.846882450190089
2015,KC,3.7233510610888887,5.359454280785885
2015,PIT,5.067178024043114,3.6463277805366254
2015,CAR,6.051154802443924,2.0779844831798395
2015,NE,5.259261864222771,1.701182183486813
2015,MIN,1.0858973727822971,4.726985711526876
2015,DEN,0.27049692736202247,5.515231099439934
2015,GB,1.9487941981791037,3.3383944416855917
2015,NYJ,-0.5532609248741301,1.9950582039137532
2015,BUF,0.21216169874981639,-0.2640727438908641
2015,LA,-3.785229070219148,3.620334376750549
2015,LV,1.3639036688174198,-1.600439540057049
2015,DET,0.9934638693996941,-1.3096442204271814
2015,HOU,-3.3176005893837166,2.5795415913522253
2015,CHI,-0.05810064309075147,-1.2012384948223378
2015,BAL,-0.7019767287089486,-1.224017448405922
2015,WAS,-0.17873781042848103,-1.7604038006882186
2015,LAC,-1.5304038571360894,-1.101145875534346
2015,NYG,2.537879253063573,-6.104798641958057
2015,ATL,-4.040313451524335,0.2618138482591985
2015,PHI,-0.6061644023064306,-4.032324440185208
2015,SF,-6.006310419425495,0.46919350373465907
2015,CLE,-3.220367615453866,-2.9217238113413235
2015,NO,1.061674639137408,-7.6339659182219
2015,IND,-3.0490895705238725,-3.5909354850260615
2015,MIA,-4.6234483708632315,-2.1160518611229695
2015,DAL,-7.04525566757134,0.1081973897879589
2015,JAX,-0.6302125040225955,-6.820867942334258
2015,TB,-3.463279721365614,-4.24299765967729
2015,TEN,-5.900483530467993,-4.621644921160627
2016,NE,4.286056339580257,5.035692120466059
2016,ATL,10.551787746815405,-2.029264013923835
2016,DAL,4.026720752738775,2.882596647677161
2016,KC,1.162884754836912,4.458922050874193
2016,PIT,2.7664398782470663,1.9610005259327277
2016,DEN,-2.0011918051579403,6.08130382421268
2016,PHI,1.2418993241673713,2.501793076248606
2016,LV,3.600127356976052,-0.16856748984379455
2016,GB,4.838831988971277,-2.0696995836227856
2016,SEA,-2.381580704424285,4.556442210161134
2016,NYG,-3.3262935532389157,5.260237103604234
2016,WAS,3.2139238797718077,-1.4473133205278754
2016,ARI,2.3882002206499227,-0.7615744838122902
2016,NO,6.8111476872694245,-5.234933835374599
2016,BAL,-1.0679525001501615,2.615447433249776
2016,CIN,-1.4189279313256475,2.5918529544552382
2016,MIN,-2.681897820059289,3.5598682263942747
2016,IND,3.0037988235905777,-2.8026551391133827
2016,LAC,3.0490411511690345,-2.9659334575555913
2016,TB,-1.4860098722322064,1.3324919384571312
2016,BUF,1.8664996283429975,-2.139816971723607
2016,CAR,-0.1863678360468588,-0.7837886444051729
2016,TEN,0.7225976806845582,-1.7520110439241738
2016,DET,-1.3649723959271183,-0.08972420661644365
2016,MIA,-0.5737004262705059,-1.7846301215751883
2016,HOU,-5.382499958626497,2.5975044120028965
2016,JAX,-2.6310780182703137,-2.216549838117161
2016,CHI,-5.233489439600129,-2.3317531550513557
2016,NYJ,-5.529266723418468,-2.952994037770835
2016,CLE,-5.214501761112862,-4.878572065808165
2016,LA,-9.36894338257359,-1.538807372750049
2016,SF,-3.681283085376651,-7.486563742219803
2017,PHI,6.96450261710232,2.4700985836358056
2017,LA,8.281655411391784,1.0198781261769871
2017,NO,6.860366876202918,2.126405525054057
2017,MIN,2.188865460951487,6.743740273638796
2017,NE,6.261654978464599,2.490090605337711
2017,JAX,3.043408425472374,3.6674484479498703
2017,PIT,3.212975896851261,1.8023630721759345
2017,CAR,1.6333498748548787,2.6292992379917264
2017,ATL,1.0677744780295142,3.135152412594956
2017,LAC,-0.2937539349299493,3.9920618118232962
2017,KC,3.784073313810961,-0.3229680822929548
2017,BAL,2.1518481891408894,1.1251639358941499
2017,DET,5.156796705247686,-2.502614196350744
2017,SEA,0.7296624572621194,1.1799387434758934
2017,DAL,0.414006585356243,1.2053168376040218
2017,WAS,0.4952381922079788,-1.7826479841156944
2017,CHI,-4.601643603888625,3.254570494512982
2017,TB,0.3362346284355969,-1.683441008427547
2017,GB,-0.37356820706318905,-1.5887826800901326
2017,SF,-0.7833335744838702,-2.0473430025557846
2017,TEN,-1.9417507915300463,-1.505210769052545
2017,ARI,-4.016164164309331,0.18634426476158827
2017,BUF,-3.0480739555195506,-0.9937454715035554
2017,LV,-2.883652222767328,-1.6781936188712059
2017,NYJ,-2.885093462680927,-2.049514978664929
2017,CIN,-4.073341396411968,-0.9080613639444095
2017,MIA,-3.840071115597665,-2.299135488724544
2017,HOU,-0.7958288755420676,-5.600360281635982
2017,DEN,-3.8456233166574623,-2.841057569904197
2017,NYG,-6.400741228619769,-1.1429131192291704
2017,IND,-6.058336644995748,-4.001260908232529
2017,CLE,-6.741437595785118,-4.080621849031855
2018,NO,7.872686550748684,2.1799600064596696
2018,KC,12.67519437403463,-3.7254570578668176
2018,LA,9.54561923235059,-1.0530633350819905
2018,BAL,0.6503567312788909,6.400481606403755
2018,CHI,1.5214114317568483,4.743663138383546
2018,LAC,3.1310220010559746,2.9974836643926466
2018,PIT,3.885198710248771,1.7253533472783964
2018,NE,3.0967693816735924,2.0800387165054532
2018,SEA,2.9701874717382886,1.4131715709723789
2018,HOU,2.4277907269340275,1.4038277107834958
2018,IND,3.9121766065567325,-0.5671435524509294
2018,PHI,-0.1051616921689622,1.67009690340213
2018,DAL,-1.8814164394932114,2.923604060839824
2018,CAR,0.10417489584595585,0.7983531134616662
2018,MIN,-1.207071670088162,1.7726205127290422
2018,TEN,-3.2916886527259184,3.3807769025521313
2018,ATL,2.5156441088020163,-2.646576483106049
2018,CLE,-0.9593062169929647,0.6658186581318892
2018,DEN,-3.5978819817785626,3.143579681558107
2018,NYG,0.7290607099708242,-2.943597361124766
2018,TB,2.0321123627702766,-4.60853084818546
2018,GB,-0.009739361893982279,-2.7435888457434587
2018,DET,-3.274373507248878,0.24698534223497592
2018,CIN,0.031022372806340792,-3.4063527520687877
2018,JAX,-8.013234886799212,4.100450906574034
2018,WAS,-5.612804369394271,0.6215316071292136
2018,SF,-2.4798659197726813,-3.0502746776814615
2018,BUF,-6.292408664334118,-0.6075024247403729
2018,NYJ,-1.98582111288764,-5.8544863018653235
2018,MIA,-3.644292376122043,-5.182600422242573
2018,LV,-5.154979024083232,-3.976017360746569
2018,ARI,-9.5903817927886,-1.9026060268877996
2019,BAL,10.957924969923583,4.658986928798096
2019,SF,6.667200444283685,4.302099399495147
2019,NE,2.787590361934752,7.6410155825474995
2019,KC,6.233040237014922,2.9114087435084772
2019,NO,5.0156038014833175,2.3439031063451097
2019,MIN,2.472101565002924,2.9324068846831945
2019,DAL,3.7905920859625883,1.5025051728756864
2019,LA,2.162768275961632,1.7463279454587899
2019,TEN,1.76202203177495,1.6578865838895198
2019,GB,0.5559873974999112,2.643524860037327
2019,SEA,2.875472388821061,-0.17043222739607622
2019,BUF,-3.4662428109957055,5.65206336199796
2019,HOU,1.0465205881495627,-0.5248767644977758
2019,TB,4.860487031473502,-4.477880330331351
2019,PIT,-4.345220622805487,4.63857943130709
2019,PHI,0.67699589474297,-0.41912673262966316
2019,ATL,0.32959681809971086,-0.4001395913241653
2019,CHI,-5.3647974967408345,4.474972108653752
2019,LAC,-1.6192288202716283,0.29425873384091117
2019,IND,-1.0340214998781652,-0.7988712334778906
2019,CLE,-0.39908280618148545,-1.5045684663546126
2019,DEN,-4.813363081264404,2.689410187133858
2019,ARI,-0.32191042854632124,-2.9050174257157835
2019,DET,-1.2091056960655515,-4.02409799543283
2019,NYJ,-5.741790388781075,-0.5661925491207681
2019,JAX,-4.628620454007357,-2.062368997130937
2019,LV,-2.4659103289515403,-4.4356072986485096
2019,CAR,-1.9164719667025614,-5.108261947555033
2019,CIN,-4.3949669067714465,-2.9431609002779653
2019,NYG,-1.7899256520397355,-6.089917327031442
2019,WAS,-6.262927796569563,-4.517532566799339
2019,MIA,-2.4203171355562088,-9.141296676848276
2020,NO,5.119216391243246,4.458317394406732
2020,TB,6.537250076931846,2.8473332229524804
2020,BAL,3.9228611529873874,4.3475562495575
2020,BUF,7.134926955199962,0.5730123073478056
2020,GB,5.872156854177946,1.7814532869118835
2020,KC,4.546161293755942,2.2544816192637924
2020,SEA,4.80089139254331,0.6559009663028651
2020,LA,-0.819728859625811,6.242869999848048
2020,PIT,0.25167330747618655,4.40107078499866
2020,MIA,0.26896940144357506,2.6966380869247413
2020,IND,1.2118228925110532,1.591614975428115
2020,ARI,1.5417617324955346,1.0247474967312766
2020,TEN,4.7045735390633165,-3.1142950923053196
2020,SF,0.19792427275586988,0.6645409893725577
2020,ATL,-0.08433459397623189,0.8217306949015905
2020,CHI,-2.178063428387403,2.416500861489393
2020,WAS,-4.089436007606242,3.236472458927227
2020,NE,-4.1920425033183255,3.211816658353327
2020,CAR,-2.417667927309536,1.3425640282349347
2020,LV,2.902064071533743,-4.8531572696250915
2020,MIN,1.3432090435617043,-3.751958809418637
2020,CLE,0.2509861529873847,-2.8295270837758473
2020,LAC,-0.969017277672581,-1.9511731426409655
2020,PHI,-2.8197760520123425,-1.581665204526474
2020,NYG,-6.7418022915213545,2.3065764131073587
2020,DAL,0.9847676656793156,-6.1030143439776685
2020,HOU,-1.4496354408223255,-4.064635024571912
2020,DEN,-4.266951288725881,-1.7386904870275788
2020,CIN,-5.376444402568167,-2.118415972664722
2020,DET,-0.990124289771626,-6.7311254760853
2020,NYJ,-8.72502861442942,-2.78471111942444
2020,JAX,-6.471163218600077,-5.252829469016331
2021,DAL,8.23934531926875,1.6961160518049745
2021,BUF,4.986630972627514,4.854898475556444
2021,TB,7.264528369389003,1.2971662540913154
2021,NE,3.64945485798061,4.823277916465013
2021,KC,5.380937376036412,2.0058112919551268
2021,LA,4.189197779717507,1.0835837030253632
2021,ARI,3.591910360745963,1.5835185062760586
2021,IND,3.3422551257522266,1.1015239767886684
2021,GB,3.423184406402957,0.9146378817296632
2021,SF,1.8354068891000477,1.922253129868328
2021,TEN,1.806192671422313,1.6383781891255826
2021,CIN,3.3571571656882813,-0.2729812787988979
2021,PHI,2.572559014227416,-0.07781311037920058
2021,NO,-1.4783700094172803,3.6078393038563354
2021,SEA,0.40055596030831486,1.5285728359971746
2021,LAC,5.311408372424166,-4.220959775149192
2021,MIN,1.884512591661454,-1.6622283774563371
2021,BAL,-0.327864173131577,0.03852516015897933
2021,DEN,-4.707172336590654,4.189030944407426
2021,CLE,-2.685571649106399,1.3450041921206144
2021,PIT,-2.5994838748644407,0.11511974414029436
2021,MIA,-3.0969418253289698,0.30108758236170186
2021,LV,-0.6879774055692787,-2.5675677753647723
2021,WAS,-2.704369724738025,-1.5055355001383717
2021,CHI,-4.914578957620941,-0.3130064346752808
2021,CAR,-5.019212083564668,-0.4607805480688092
2021,DET,-3.5190146895081567,-4.309803277673618
2021,NYG,-7.706419426978684,-0.6013352023788798
2021,ATL,-4.149672935541702,-4.251955685760102
2021,HOU,-6.312125547187588,-3.3886701882145833
2021,NYJ,-3.6808827564173607,-6.751107316980606
2021,JAX,-7.645579837187215,-3.662600668690415
2022,BUF,7.177952289253359,3.878231851131291
2022,SF,3.249424158508168,4.477705947570467
2022,CIN,5.459959366601572,1.456167877126468
2022,DAL,5.2497446672178265,1.2395267609140905
2022,PHI,5.732087668750401,0.7219897209403165
2022,KC,6.782372123841785,-0.5624980235724832
2022,BAL,-0.251018858980695,3.385861481595711
2022,DET,4.639864609432478,-2.442356185578567
2022,NE,-0.33232740483808143,2.340758150894317
2022,JAX,1.6686051378835243,0.20283344481542076
2022,MIA,2.6890449590185526,-0.865780731362632
2022,NYJ,-4.041299784592117,4.807314530754087
2022,GB,-0.224396073520593,0.6444344512391205
2022,MIN,2.7577032892722793,-2.9827874288282796
2022,CLE,0.6829345011775074,-0.9104615041796651
2022,NYG,-0.8587367094302236,0.32022503020856274
2022,SEA,1.8303625630146303,-2.466878271061672
2022,PIT,-3.0471690934659765,2.293554726082726
2022,LAC,0.05678191863853854,-1.0138499452626188
2022,WAS,-3.554346894258754,2.5526825716114363
2022,NO,-2.802850123179451,1.72170461562449
2022,ATL,-0.16427998516242526,-1.9865153584514708
2022,TB,-3.30604910168295,1.140580009583623
2022,CAR,-1.2988405749231628,-0.9048137775363381
2022,LV,1.2034460192180707,-3.701107256890591
2022,TEN,-4.718589351829766,1.0715026393520588
2022,LA,-4.101297249297898,0.02722612193513896
2022,DEN,-5.657702221203232,0.5483340134064809
2022,ARI,-1.9308114442225046,-4.226528386955321
2022,CHI,-2.4988150416165977,-3.9885029042106774
2022,HOU,-5.4468705662148675,-3.1098966980000418
2022,IND,-4.944882793409398,-3.668657472895445
2023,BAL,6.588629900137598,6.412743357351012
2023,SF,7.058236750580159,4.663080659295145
2023,DAL,6.519122909535359,2.6799134162276212
2023,BUF,4.240400688117791,2.4289240571825896
2023,MIA,7.518395258587048,-3.186797621734504
2023,DET,6.0290675655006805,-1.7743871016562074
2023,KC,-0.5101890453994484,4.45453282293428
2023,CLE,2.4094295132081553,0.8895526251425708
2023,LA,1.9660735812397043,1.0160062642960734
2023,NO,1.6504900864298333,0.5234795003460634
2023,CIN,1.3432676174011287,0.3514139661217045
2023,JAX,1.3156445208649672,0.10216960141257536
2023,GB,0.9357619692760399,0.24366387223862074
2023,TB,-1.6208561157152561,2.6833331836534726
2023,PIT,-3.011590603364173,3.687778540316282
2023,HOU,0.29982192076120096,0.10434732858747264
2023,PHI,3.5905702422736896,-3.695129187214733
2023,MIN,-1.588497172423598,1.0069190489811044
2023,LV,-2.423108155844042,1.614279806418641
2023,SEA,-0.16275328440401737,-0.8373030919384393
2023,IND,2.3354481233550235,-3.8356442073230443
2023,CHI,-1.1590913632471864,-0.8755717217802977
2023,LAC,-0.5771375851592693,-1.559335206270827
2023,TEN,-3.932637452877354,0.7952229246756529
2023,DEN,-0.7794986596121019,-2.961356729095435
2023,ATL,-3.644771476760927,-1.512935311085584
2023,ARI,-1.7876622734464573,-3.685068405641317
2023,NYJ,-6.639014511876875,0.928333926734629
2023,NE,-8.362458023359958,0.6725716458193923
2023,NYG,-6.889228088843556,-0.9985243110009131
2023,CAR,-7.938642720836406,-1.9860120861707111
2023,WAS,-2.773224114097747,-8.350201566822893
2024,DET,10.621227940030527,3.1731760858919493
2024,BAL,7.968407661230436,1.8931196377351946
2024,GB,4.910352234938748,3.1346177183881005
2024,BUF,7.728742307411509,0.3009414059428026
2024,PHI,3.026355432256754,4.783213940383488
2024,TB,6.053149869105293,0.43831842598556237
2024,DEN,2.051662011344666,4.323824329622965
2024,MIN,2.806901606569742,3.447404203421195
2024,LAC,0.5755544940187055,4.714092507764223
2024,KC,-0.17839680189877283,4.34992756023487
2024,WAS,4.9564218516612195,-1.1774545853928384
2024,ARI,0.846207989397309,1.2542772475192152
2024,PIT,-0.7473892282479947,2.810865233120163
2024,CIN,4.987408925514851,-3.565593465514299
2024,SEA,-0.27655949525265633,1.5317485740294507
2024,LA,-0.6260423985122949,0.5748236604605521
2024,HOU,-1.488006560692178,0.7853691132492153
2024,SF,0.9389340267295824,-2.0940967806042146
2024,ATL,-0.008625016374881223,-2.127685513659184
2024,CHI,-4.694676562141183,2.4935805961568427
2024,MIA,-3.5091623012551576,0.41226871512914554
2024,IND,-0.4805815349428947,-3.241718420320794
2024,NO,-3.5601618747341472,-0.5129852586164458
2024,NYJ,-3.0468264902704787,-1.4390230512057645
2024,DAL,-2.5780862196942,-3.725227670657654
2024,LV,-3.9278320623935254,-2.4739687131873778
2024,JAX,-4.190232695951295,-3.3830706122569794
2024,NYG,-7.537986162650132,-0.5448196648326635
2024,NE,-6.269614087138323,-2.0153355417080245
2024,TEN,-4.698217428975902,-3.7012260415669846
2024,CLE,-7.154526334349014,-2.0661494503004354
2024,CAR,-2.498403094734311,-8.353214185211277
2025,SEA,6.17537866896002,6.6659916093537
2025,LA,8.607838891827122,3.796644640272007
2025,JAX,5.437800522590438,3.433533618519664
2025,HOU,1.3390638695726567,7.243629398818863
2025,SF,3.6704412176508967,2.31448905004285
2025,NE,3.7617406756024216,1.800197420840051
2025,IND,5.983593586691123,-0.8905749292272785
2025,BUF,4.944521610765406,-0.371426099078049
2025,DET,5.153800453889176,-1.3263979901998364
2025,DEN,-0.12132253490977374,3.4747559639650816
2025,PHI,-1.8171447561236973,4.513299235179939
2025,KC,-1.9326352615508553,3.711082739860374
2025,BAL,1.822145783067201,-0.661926148857875
2025,GB,-0.7758900066473318,1.7242543736786242
2025,LAC,-0.9746945243057252,1.8766664569779752
2025,MIN,-3.5732710341633958,4.052461425036631
2025,CHI,2.560750215794714,-2.129154597955479
2025,PIT,-0.2539834286653597,0.47989689763254284
2025,TB,0.27409679440890244,-1.3187739456950234
2025,ATL,-2.0874703663041743,-0.7787548275665478
2025,CAR,-4.923542023614947,1.3818240224045897
2025,NYG,-0.6593112642912093,-3.025410903326423
2025,DAL,4.528696873040314,-8.685921318604883
2025,ARI,-1.0041257519289042,-3.3710596532958257
2025,NO,-5.448129967194122,0.5975072087548755
2025,CIN,1.2423692008996225,-6.340888625314484
2025,WAS,-2.1886891630577208,-3.7092362125001714
2025,MIA,-3.6989192947102856,-2.453394864151283
2025,CLE,-7.902800988294467,0.6907458205756344
2025,TEN,-4.093393281722548,-3.8601964932715345
2025,LV,-8.10597363380696,-2.4104100874768535
2025,NYJ,-5.940941083468535,-6.423453185391855
2026,JAX,15.329243945500584,3.6721683936649407
2026,SF,10.33782453829714,6.115611139763468
2026,KC,9.225500388110202,4.576406299108783
2026,CHI,8.521177340020186,3.8578462343474977
2026,DEN,0.29132592126580303,9.309287400490595
2026,LV,10.642489190051606,-2.261404644924656
2026,MIN,-9.345562769334238,16.656526630562475
2026,SEA,2.484489716340396,3.796791806702505
2026,LA,4.427207431619993,1.3949634357601055
2026,BAL,4.998897543140196,-0.6137394241777288
2026,NO,-0.7144458425228979,3.3428265002309403
2026,BUF,8.970574014565099,-6.946493400058232
2026,CAR,14.142244117160832,-12.408258528067428
2026,NE,-11.981710634713947,13.612361987888962
2026,CIN,-3.18581661671843,3.698323074411332
2026,CLE,-10.239020541798066,9.835642812858643
2026,DAL,5.351743748917019,-6.30004777183297
2026,ARI,3.057306396441553,-4.0252293189496875
2026,IND,2.6637484205839472,-5.188350698488604
2026,DET,8.617532402764573,-11.322283022225259
2026,TB,7.8069773843653225,-10.941496497203222
2026,MIA,-8.171765880764488,4.325124827065112
2026,PIT,5.253791937089506,-10.468181668268254
2026,NYG,-12.301995552771356,5.7144591550946835
2026,WAS,1.545219293643479,-8.187753083677084
2026,HOU,-7.73536046295733,0.7981387515571785
2026,LAC,-12.667562576222979,5.205426679099757
2026,PHI,-9.169053081025174,1.084824282302003
2026,NYJ,-16.168887674959,5.22582447285744
2026,ATL,-21.276492747160855,8.679153740517423
2026,TEN,-6.581484151494091,-9.231341957504837
2026,GB,5.871864802565416,-23.00712760890588
